{
  "hyperparameters": {
    "embedding_dim": 64,
    "n_layers": 2,
    "learning_rate": 0.001,
    "l2_reg": 0.0001,
    "batch_size": 4096
  },
  "test_metrics": {
    "recall@10": 0.10894159972667694,
    "ndcg@10": 0.23060762986203184,
    "recall@20": 0.17026092112064362,
    "ndcg@20": 0.22906982775144677
  },
  "baseline_metrics": {
    "recall@10": 0.07063310593366623,
    "ndcg@10": 0.17618560698144856,
    "recall@20": 0.11644372344017029,
    "ndcg@20": 0.17194657033803903
  },
  "n_users": 610,
  "n_items": 9724
}